Rater,Spearman_Corr,p-value
persuasiveness_rater1,-0.10773670384349004,0.3121415744587809
persuasiveness_rater2,0.04923661772479936,0.6449062890746833
persuasiveness_rater3,-0.029542736749926916,0.7822334555184349
harmonic_mean,0.05252924987086926,0.6229244078651102
