Rater,Spearman_Corr,p-value
persuasiveness_rater1,0.041317966849106644,0.6990060007334207
persuasiveness_rater2,0.0064883921062889325,0.9516025235486407
persuasiveness_rater3,0.08479109248031219,0.42685374584506675
harmonic_mean,0.16345860863879286,0.1237062777076922
