Criterion,ICC2
L'introduction,-0.29115054123423745
La conclusion,-0.44005547565235226
Persuasivité,-0.40526315789473666
Clarté du Langage,-0.06071831212755681
Créativité du discours,-0.25995745617252286
Global,-0.5504121642662569
