,Présentation du Sujet,Structure,Niveau de Langue,Voix Passive,Concision,Redondance,Langage Négatif,Métaphore,Discours
Présentation du Sujet,0.9476116289921918,0.5569902888777915,0.0,0.4772167454852762,0.340333465275032,0.19758817698986425,0.0,0.141779670791307,0.23241170081765297
Structure,0.5569902888777913,1.0,0.08804646118681769,0.6100776161033299,0.520400943967829,0.6275685176500647,0.10060367659557005,0.21474129282708126,0.2586203674782271
Niveau de Langue,0.0,0.08804646118681773,0.9772413413300449,0.07191949522280763,0.1310119737305165,0.28183192781725436,0.11394141551681967,0.24099933987084238,0.20013656539658906
Voix Passive,0.4772167454852762,0.6100776161033299,0.07191949522280763,1.0,0.4081568677126408,0.4772167454852762,0.0,0.14913913065463683,0.13478206206389165
Concision,0.340333465275032,0.520400943967829,0.1310119737305165,0.4081568677126408,0.9572154239732806,0.5343631781663659,0.23547192353544746,0.2632185507676387,0.3358935846974682
Redondance,0.19758817698986425,0.6275685176500647,0.28183192781725436,0.47721674548527615,0.5343631781663659,0.9476116289921918,0.2455458136998194,0.0,0.31652267459493866
Langage Négatif,0.0,0.10060367659557005,0.11394141551681967,0.0,0.23547192353544746,0.2455458136998194,1.0,0.15354395845627875,0.0
Métaphore,0.14177967079130702,0.2147412928270813,0.24099933987084238,0.14913913065463683,0.2632185507676387,0.0,0.15354395845627875,1.0,0.16697728732978873
Discours,0.23241170081765297,0.2586203674782271,0.20013656539658906,0.13478206206389165,0.3358935846974682,0.31652267459493866,0.0,0.16697728732978873,1.0
