,L'introduction,La conclusion,Persuasivité,Clarté du Langage,Créativité du discours
L'introduction,1.0,0.5674094143271394,0.5007823650604022,0.5707059201303974,0.4053507500691671
La conclusion,0.5674094143271394,1.0,0.4644784506844719,0.6122175620910882,0.4287152972001712
Persuasivité,0.5007823650604022,0.4644784506844719,1.0,0.4301340047714785,0.3506713538127252
Clarté du Langage,0.5707059201303974,0.6122175620910882,0.4301340047714785,1.0,0.40107818753568564
Créativité du discours,0.4053507500691671,0.4287152972001712,0.3506713538127252,0.40107818753568564,1.0
