ID,Global,Avg_Likert,Z_100,Z_Likert,Outlier_100,Outlier_Likert
PES04,60,2.6,-5.625893845150822,-4.130527081722164,True,True
UCA07,65,3.0,-4.472521530655209,-3.1106438516673087,True,True
SPC09,75,3.4,-2.165776901663983,-2.0907606216124535,True,True
BRE14,75,4.0,-2.165776901663983,-0.5609357765301699,True,False
LYO05,75,4.0,-2.165776901663983,-0.5609357765301699,True,False
OCM14,75,3.8,-2.165776901663983,-1.070877391557598,True,False
UCA14,75,3.8,-2.165776901663983,-1.070877391557598,True,False
