,L'introduction,La conclusion,Persuasivité,Clarté du Langage,Créativité du discours
L'introduction,1.0,0.5583706048202931,0.6702731841050574,0.6224779744408699,0.4337474604319047
La conclusion,0.5583706048202931,1.0,0.8136515547346266,0.6114089138429868,0.576639827902977
Persuasivité,0.6702731841050574,0.8136515547346266,1.0,0.6917171501656008,0.5541415567954702
Clarté du Langage,0.6224779744408699,0.6114089138429868,0.6917171501656008,1.0,0.49532974701761107
Créativité du discours,0.4337474604319047,0.576639827902977,0.5541415567954702,0.49532974701761107,1.0
