ID,Global,Avg_Likert,Z_100,Z_Likert,Outlier_100,Outlier_Likert
PES04,15,1.6,-2.055174525982144,-1.7525230058163108,True,False
SEN01,80,4.4,1.5991631569952245,2.1766210997505078,False,True
SPC08,12,1.4,-2.2238362651964843,-2.033176156213941,True,True
GRE07,13,1.2,-2.167615685458371,-2.3138293066115705,True,True
UCA14,11,1.4,-2.2800568449345975,-2.033176156213941,True,True
BFC06,88,4.2,2.0489277949001314,1.8959679493528778,True,False
